,Supplier_Lead_Time,Inventory_Levels,Order_Frequency,Delivery_Performance,Cost_Per_Unit
Supplier_Lead_Time,1.0,0.26119601958704447,-0.906781214923355,-0.8677614020387389,0.9459011601481874
Inventory_Levels,0.26119601958704447,1.0,-0.2564674241865909,-0.14743877297537947,0.2498819660608347
Order_Frequency,-0.906781214923355,-0.2564674241865909,1.0,0.833023370393034,-0.8751116624064379
Delivery_Performance,-0.8677614020387389,-0.14743877297537947,0.833023370393034,1.0,-0.8717368502560094
Cost_Per_Unit,0.9459011601481874,0.2498819660608347,-0.8751116624064379,-0.8717368502560094,1.0
